edition,entry_id,contra_url,posted_at,day_relative_to_open,days_before_deadline,project_title,creator_name,live_url,figma_community_url,video_url,video_upload_date,likes,comments,engagement_score,winner,winner_category,creator_followers,creator_prior_participation,social_platforms_count,cross_posted_x,cross_posted_linkedin,cross_posted_instagram,cross_posted_threads,cross_posted_bluesky,in_contra_recap,in_figma_blog
Figma Make-a-thon (Sep 2025),entry_0001,https://contra.com/community/post/entry-0001,2025-09-03T00:00:00,1,6,Web Poetry,Aleyna Çatak,https://figma.site/sample-1,https://figma.com/community/file/1,https://youtube.com/watch?v=sample1,,785,141,1067,True,Most Innovative,928,False,4,False,True,True,True,True,False,True
Figma Make-a-thon (Sep 2025),entry_0002,https://contra.com/community/post/entry-0002,2025-09-07T00:00:00,5,2,Project 2,Creator 2,,,,,38,0,38,False,,416,False,0,False,False,False,False,False,False,False
Figma Make-a-thon (Sep 2025),entry_0003,https://contra.com/community/post/entry-0003,2025-09-03T00:00:00,1,6,Project 3,Creator 3,https://figma.site/sample-3,,https://youtube.com/watch?v=sample3,,71,19,109,False,,254,False,2,True,True,False,False,False,False,False
Figma Make-a-thon (Sep 2025),entry_0004,https://contra.com/community/post/entry-0004,2025-09-06T00:00:00,4,3,Project 4,Creator 4,https://figma.site/sample-4,,https://youtube.com/watch?v=sample4,,30,11,52,False,,322,False,1,False,True,False,False,False,False,False
Figma Make-a-thon (Sep 2025),entry_0005,https://contra.com/community/post/entry-0005,2025-09-07T00:00:00,5,2,Project 5,Creator 5,https://figma.site/sample-5,,,,26,8,42,False,,0,False,2,True,True,False,False,False,False,False
Figma Make-a-thon (Sep 2025),entry_0006,https://contra.com/community/post/entry-0006,2025-09-03T00:00:00,1,6,TOKYO,Yuki Tanaka,https://figma.site/sample-6,,https://youtube.com/watch?v=sample6,,787,129,1045,True,Most Creative,2509,False,2,True,True,False,False,False,True,False
Figma Make-a-thon (Sep 2025),entry_0007,https://contra.com/community/post/entry-0007,2025-09-09T00:00:00,7,0,Project 7,Creator 7,,,https://youtube.com/watch?v=sample7,,4,0,4,False,,612,False,1,True,False,False,False,False,False,False
Figma Make-a-thon (Sep 2025),entry_0008,https://contra.com/community/post/entry-0008,2025-09-07T00:00:00,5,2,Project 8,Creator 8,https://figma.site/sample-8,https://figma.com/community/file/8,,,35,6,47,False,,545,False,1,False,False,False,False,True,False,False
Figma Make-a-thon (Sep 2025),entry_0009,https://contra.com/community/post/entry-0009,2025-09-03T00:00:00,1,6,Project 9,Creator 9,https://figma.site/sample-9,https://figma.com/community/file/9,https://youtube.com/watch?v=sample9,,113,14,141,False,,125,False,0,False,False,False,False,False,False,False
Figma Make-a-thon (Sep 2025),entry_0010,https://contra.com/community/post/entry-0010,2025-09-04T00:00:00,2,5,Project 10,Creator 10,https://figma.site/sample-10,,https://youtube.com/watch?v=sample10,,123,2,127,False,,121,False,2,True,False,True,False,False,False,False
Figma Make-a-thon (Sep 2025),entry_0011,https://contra.com/community/post/entry-0011,2025-09-07T00:00:00,5,2,Project 11,Creator 11,https://figma.site/sample-11,,,,23,4,31,False,,707,False,1,True,False,False,False,False,False,False
Figma Make-a-thon (Sep 2025),entry_0012,https://contra.com/community/post/entry-0012,2025-09-04T00:00:00,2,5,Project 12,Creator 12,https://figma.site/sample-12,,,,85,32,149,False,,1127,False,1,False,False,True,False,False,False,False
Figma Make-a-thon (Sep 2025),entry_0013,https://contra.com/community/post/entry-0013,2025-09-03T00:00:00,1,6,Project 13,Creator 13,https://figma.site/sample-13,https://figma.com/community/file/13,,,98,5,108,False,,285,False,1,False,False,False,True,False,False,False
Figma Make-a-thon (Sep 2025),entry_0014,https://contra.com/community/post/entry-0014,2025-09-06T00:00:00,4,3,Project 14,Creator 14,https://figma.site/sample-14,,https://youtube.com/watch?v=sample14,,49,10,69,False,,598,False,1,True,False,False,False,False,False,False
Figma Make-a-thon (Sep 2025),entry_0015,https://contra.com/community/post/entry-0015,2025-09-07T00:00:00,5,2,Project 15,Creator 15,https://figma.site/sample-15,,https://youtube.com/watch?v=sample15,,73,13,99,False,,689,False,0,False,False,False,False,False,False,False
Figma Make-a-thon (Sep 2025),entry_0016,https://contra.com/community/post/entry-0016,2025-09-09T00:00:00,7,0,Project 16,Creator 16,https://figma.site/sample-16,https://figma.com/community/file/16,,,34,3,40,False,,0,False,1,False,True,False,False,False,False,False
Figma Make-a-thon (Sep 2025),entry_0017,https://contra.com/community/post/entry-0017,2025-09-03T00:00:00,1,6,Project 17,Creator 17,https://figma.site/sample-17,,https://youtube.com/watch?v=sample17,,130,15,160,False,,527,False,4,True,False,True,True,True,False,False
Figma Make-a-thon (Sep 2025),entry_0018,https://contra.com/community/post/entry-0018,2025-09-05T00:00:00,3,4,Project 18,Creator 18,https://figma.site/sample-18,,https://youtube.com/watch?v=sample18,,117,16,149,False,,589,False,1,False,False,True,False,False,False,False
Figma Make-a-thon (Sep 2025),entry_0019,https://contra.com/community/post/entry-0019,2025-09-05T00:00:00,3,4,Project 19,Creator 19,,,,,153,17,187,False,,0,False,1,False,False,False,True,False,True,False
Figma Make-a-thon (Sep 2025),entry_0020,https://contra.com/community/post/entry-0020,2025-09-06T00:00:00,4,3,Project 20,Creator 20,https://figma.site/sample-20,,,,38,8,54,False,,485,False,2,False,True,False,False,True,False,False
Figma Make-a-thon (Sep 2025),entry_0021,https://contra.com/community/post/entry-0021,2025-09-08T00:00:00,6,1,Project 21,Creator 21,https://figma.site/sample-21,,,,36,7,50,False,,362,False,3,True,True,True,False,False,False,False
Figma Make-a-thon (Sep 2025),entry_0022,https://contra.com/community/post/entry-0022,2025-09-08T00:00:00,6,1,Project 22,Creator 22,https://figma.site/sample-22,https://figma.com/community/file/22,,,20,8,36,False,,230,False,0,False,False,False,False,False,False,False
Figma Make-a-thon (Sep 2025),entry_0023,https://contra.com/community/post/entry-0023,2025-09-08T00:00:00,6,1,Project 23,Creator 23,https://figma.site/sample-23,https://figma.com/community/file/23,https://youtube.com/watch?v=sample23,,35,0,35,False,,393,False,1,False,True,False,False,False,False,False
Figma Make-a-thon (Sep 2025),entry_0024,https://contra.com/community/post/entry-0024,2025-09-06T00:00:00,4,3,Project 24,Creator 24,https://figma.site/sample-24,https://figma.com/community/file/24,,,31,0,31,False,,265,False,1,True,False,False,False,False,False,False
Figma Make-a-thon (Sep 2025),entry_0025,https://contra.com/community/post/entry-0025,2025-09-07T00:00:00,5,2,Project 25,Creator 25,https://figma.site/sample-25,https://figma.com/community/file/25,,,57,8,73,False,,297,False,1,False,True,False,False,False,False,False
Figma Make-a-thon (Sep 2025),entry_0026,https://contra.com/community/post/entry-0026,2025-09-04T00:00:00,2,5,Project 26,Creator 26,,,https://youtube.com/watch?v=sample26,,41,9,59,False,,296,False,0,False,False,False,False,False,False,False
Figma Make-a-thon (Sep 2025),entry_0027,https://contra.com/community/post/entry-0027,2025-09-04T00:00:00,2,5,Project 27,Creator 27,https://figma.site/sample-27,https://figma.com/community/file/27,,,102,0,102,False,,698,False,1,True,False,False,False,False,False,True
Figma Make-a-thon (Sep 2025),entry_0028,https://contra.com/community/post/entry-0028,2025-09-06T00:00:00,4,3,Project 28,Creator 28,https://figma.site/sample-28,https://figma.com/community/file/28,,,77,14,105,False,,320,False,4,True,False,True,True,True,False,False
Figma Make-a-thon (Sep 2025),entry_0029,https://contra.com/community/post/entry-0029,2025-09-03T00:00:00,1,6,TOKYO,Sam Okafor,https://figma.site/sample-29,https://figma.com/community/file/29,https://youtube.com/watch?v=sample29,,388,138,664,True,Most Creative,839,False,4,True,True,True,False,True,True,True
Figma Make-a-thon (Sep 2025),entry_0030,https://contra.com/community/post/entry-0030,2025-09-08T00:00:00,6,1,Project 30,Creator 30,https://figma.site/sample-30,https://figma.com/community/file/30,,,27,4,35,False,,1092,False,2,False,False,True,True,False,False,False
Figma Make-a-thon (Sep 2025),entry_0031,https://contra.com/community/post/entry-0031,2025-09-05T00:00:00,3,4,Project 31,Creator 31,,,https://youtube.com/watch?v=sample31,,77,10,97,False,,21,False,1,False,True,False,False,False,False,False
Figma Make-a-thon (Sep 2025),entry_0032,https://contra.com/community/post/entry-0032,2025-09-09T00:00:00,7,0,Project 32,Creator 32,,https://figma.com/community/file/32,https://youtube.com/watch?v=sample32,,14,2,18,False,,896,False,1,False,True,False,False,False,False,False
Figma Make-a-thon (Sep 2025),entry_0033,https://contra.com/community/post/entry-0033,2025-09-09T00:00:00,7,0,Project 33,Creator 33,,https://figma.com/community/file/33,https://youtube.com/watch?v=sample33,,16,0,16,False,,0,False,1,True,False,False,False,False,False,False
Figma Make-a-thon (Sep 2025),entry_0034,https://contra.com/community/post/entry-0034,2025-09-04T00:00:00,2,5,Project 34,Creator 34,https://figma.site/sample-34,,,,89,0,89,False,,137,False,0,False,False,False,False,False,False,False
Figma Make-a-thon (Sep 2025),entry_0035,https://contra.com/community/post/entry-0035,2025-09-03T00:00:00,1,6,Project 35,Creator 35,https://figma.site/sample-35,https://figma.com/community/file/35,,,210,40,290,False,,926,False,0,False,False,False,False,False,False,False
Figma Make-a-thon (Sep 2025),entry_0036,https://contra.com/community/post/entry-0036,2025-09-04T00:00:00,2,5,Project 36,Creator 36,,,,,19,9,37,False,,0,False,2,True,False,False,True,False,False,False
Figma Make-a-thon (Sep 2025),entry_0037,https://contra.com/community/post/entry-0037,2025-09-04T00:00:00,2,5,Project 37,Creator 37,,,https://youtube.com/watch?v=sample37,,56,11,78,False,,518,False,1,True,False,False,False,False,False,False
Figma Make-a-thon (Sep 2025),entry_0038,https://contra.com/community/post/entry-0038,2025-09-05T00:00:00,3,4,Project 38,Creator 38,https://figma.site/sample-38,,,,12,23,58,False,,366,False,3,True,False,True,True,False,False,False
Figma Make-a-thon (Sep 2025),entry_0039,https://contra.com/community/post/entry-0039,2025-09-04T00:00:00,2,5,Project 39,Creator 39,https://figma.site/sample-39,https://figma.com/community/file/39,https://youtube.com/watch?v=sample39,,86,1,88,False,,368,False,1,True,False,False,False,False,False,False
Figma Make-a-thon (Sep 2025),entry_0040,https://contra.com/community/post/entry-0040,2025-09-08T00:00:00,6,1,Project 40,Creator 40,https://figma.site/sample-40,https://figma.com/community/file/40,https://youtube.com/watch?v=sample40,,55,6,67,False,,302,False,1,False,False,False,True,False,False,False
Figma Make-a-thon (Sep 2025),entry_0041,https://contra.com/community/post/entry-0041,2025-09-03T00:00:00,1,6,Project 41,Creator 41,,,https://youtube.com/watch?v=sample41,,249,11,271,False,,372,False,2,False,True,True,False,False,False,False
Figma Make-a-thon (Sep 2025),entry_0042,https://contra.com/community/post/entry-0042,2025-09-09T00:00:00,7,0,Project 42,Creator 42,https://figma.site/sample-42,https://figma.com/community/file/42,,,9,9,27,False,,699,False,2,False,True,False,False,True,False,False
Figma Make-a-thon (Sep 2025),entry_0043,https://contra.com/community/post/entry-0043,2025-09-09T00:00:00,7,0,Project 43,Creator 43,https://figma.site/sample-43,,,,25,3,31,False,,195,False,0,False,False,False,False,False,False,False
Figma Make-a-thon (Sep 2025),entry_0044,https://contra.com/community/post/entry-0044,2025-09-05T00:00:00,3,4,Project 44,Creator 44,https://figma.site/sample-44,https://figma.com/community/file/44,,,69,17,103,False,,0,False,2,False,True,False,False,True,False,False
Figma Make-a-thon (Sep 2025),entry_0045,https://contra.com/community/post/entry-0045,2025-09-09T00:00:00,7,0,Project 45,Creator 45,https://figma.site/sample-45,https://figma.com/community/file/45,,,15,4,23,False,,346,False,1,False,False,True,False,False,False,False
Figma Make-a-thon (Sep 2025),entry_0046,https://contra.com/community/post/entry-0046,2025-09-09T00:00:00,7,0,Project 46,Creator 46,https://figma.site/sample-46,https://figma.com/community/file/46,https://youtube.com/watch?v=sample46,,27,6,39,False,,194,False,1,False,False,False,True,False,False,False
Figma Make-a-thon (Sep 2025),entry_0047,https://contra.com/community/post/entry-0047,2025-09-03T00:00:00,1,6,Pucker,Paige Latimer,https://figma.site/sample-47,https://figma.com/community/file/47,https://youtube.com/watch?v=sample47,,608,94,796,True,Best Prompt,3237,False,3,True,True,False,False,True,True,False
Figma Make-a-thon (Sep 2025),entry_0048,https://contra.com/community/post/entry-0048,2025-09-08T00:00:00,6,1,Project 48,Creator 48,https://figma.site/sample-48,,https://youtube.com/watch?v=sample48,,46,11,68,False,,107,False,1,False,False,True,False,False,False,False
Figma Make-a-thon (Sep 2025),entry_0049,https://contra.com/community/post/entry-0049,2025-09-08T00:00:00,6,1,Project 49,Creator 49,,https://figma.com/community/file/49,,,33,6,45,False,,157,False,1,False,True,False,False,False,False,False
Figma Make-a-thon (Sep 2025),entry_0050,https://contra.com/community/post/entry-0050,2025-09-04T00:00:00,2,5,Project 50,Creator 50,https://figma.site/sample-50,,,,159,45,249,False,,284,False,1,False,False,True,False,False,False,False
Figma Make-a-thon (Sep 2025),entry_0051,https://contra.com/community/post/entry-0051,2025-09-09T00:00:00,7,0,Project 51,Creator 51,https://figma.site/sample-51,,,,1,4,9,False,,321,False,2,False,False,True,False,True,False,False
Figma Make-a-thon (Sep 2025),entry_0052,https://contra.com/community/post/entry-0052,2025-09-08T00:00:00,6,1,Project 52,Creator 52,,,https://youtube.com/watch?v=sample52,,34,1,36,False,,836,False,1,False,True,False,False,False,False,False
Figma Make-a-thon (Sep 2025),entry_0053,https://contra.com/community/post/entry-0053,2025-09-03T00:00:00,1,6,Project 53,Creator 53,https://figma.site/sample-53,,,,242,34,310,False,,191,False,1,False,False,False,True,False,False,False
Figma Make-a-thon (Sep 2025),entry_0054,https://contra.com/community/post/entry-0054,2025-09-09T00:00:00,7,0,Project 54,Creator 54,https://figma.site/sample-54,https://figma.com/community/file/54,https://youtube.com/watch?v=sample54,,23,3,29,False,,619,False,1,False,False,False,True,False,False,False
Figma Make-a-thon (Sep 2025),entry_0055,https://contra.com/community/post/entry-0055,2025-09-05T00:00:00,3,4,Project 55,Creator 55,,,https://youtube.com/watch?v=sample55,,66,11,88,False,,255,False,1,False,False,False,False,True,False,False
Figma Make-a-thon (Sep 2025),entry_0056,https://contra.com/community/post/entry-0056,2025-09-09T00:00:00,7,0,Project 56,Creator 56,,,https://youtube.com/watch?v=sample56,,21,6,33,False,,200,False,1,False,True,False,False,False,False,False
Figma Make-a-thon (Sep 2025),entry_0057,https://contra.com/community/post/entry-0057,2025-09-08T00:00:00,6,1,Project 57,Creator 57,https://figma.site/sample-57,,https://youtube.com/watch?v=sample57,,16,0,16,False,,194,False,3,False,True,True,True,False,False,False
Figma Make-a-thon (Sep 2025),entry_0058,https://contra.com/community/post/entry-0058,2025-09-07T00:00:00,5,2,Project 58,Creator 58,https://figma.site/sample-58,,https://youtube.com/watch?v=sample58,,11,14,39,False,,0,False,3,False,True,True,True,False,False,False
Figma Make-a-thon (Sep 2025),entry_0059,https://contra.com/community/post/entry-0059,2025-09-04T00:00:00,2,5,Project 59,Creator 59,https://figma.site/sample-59,https://figma.com/community/file/59,https://youtube.com/watch?v=sample59,,198,13,224,False,,536,False,3,False,True,False,True,True,False,False
Figma Make-a-thon (Sep 2025),entry_0060,https://contra.com/community/post/entry-0060,2025-09-04T00:00:00,2,5,Project 60,Creator 60,https://figma.site/sample-60,,https://youtube.com/watch?v=sample60,,86,45,176,False,,77,False,2,True,False,True,False,False,False,False
Figma Make-a-thon (Sep 2025),entry_0061,https://contra.com/community/post/entry-0061,2025-09-03T00:00:00,1,6,Pucker,Dann Petty,https://figma.site/sample-61,https://figma.com/community/file/61,https://youtube.com/watch?v=sample61,,684,101,886,True,Most Innovative,2361,False,4,True,True,True,True,False,True,True
Figma Make-a-thon (Sep 2025),entry_0062,https://contra.com/community/post/entry-0062,2025-09-09T00:00:00,7,0,Project 62,Creator 62,,https://figma.com/community/file/62,,,25,0,25,False,,0,False,2,True,True,False,False,False,False,False
Figma Make-a-thon (Sep 2025),entry_0063,https://contra.com/community/post/entry-0063,2025-09-09T00:00:00,7,0,Project 63,Creator 63,,https://figma.com/community/file/63,,,19,6,31,False,,365,False,1,False,False,False,False,True,False,False
Figma Make-a-thon (Sep 2025),entry_0064,https://contra.com/community/post/entry-0064,2025-09-06T00:00:00,4,3,Project 64,Creator 64,https://figma.site/sample-64,,https://youtube.com/watch?v=sample64,,61,1,63,False,,502,False,1,False,True,False,False,False,False,False
Figma Make-a-thon (Sep 2025),entry_0065,https://contra.com/community/post/entry-0065,2025-09-03T00:00:00,1,6,Project 65,Creator 65,https://figma.site/sample-65,,https://youtube.com/watch?v=sample65,,193,19,231,False,,73,False,1,True,False,False,False,False,False,False
Figma Make-a-thon (Sep 2025),entry_0066,https://contra.com/community/post/entry-0066,2025-09-07T00:00:00,5,2,Project 66,Creator 66,,,https://youtube.com/watch?v=sample66,,69,5,79,False,,710,False,1,False,False,False,False,True,False,False
Figma Make-a-thon (Sep 2025),entry_0067,https://contra.com/community/post/entry-0067,2025-09-05T00:00:00,3,4,Project 67,Creator 67,,https://figma.com/community/file/67,https://youtube.com/watch?v=sample67,,100,21,142,False,,7,False,1,False,False,True,False,False,False,False
Figma Make-a-thon (Sep 2025),entry_0068,https://contra.com/community/post/entry-0068,2025-09-04T00:00:00,2,5,Project 68,Creator 68,https://figma.site/sample-68,https://figma.com/community/file/68,,,113,14,141,False,,65,False,0,False,False,False,False,False,False,False
Figma Make-a-thon (Sep 2025),entry_0069,https://contra.com/community/post/entry-0069,2025-09-04T00:00:00,2,5,Project 69,Creator 69,https://figma.site/sample-69,https://figma.com/community/file/69,,,91,22,135,False,,840,False,1,False,True,False,False,False,False,False
Figma Make-a-thon (Sep 2025),entry_0070,https://contra.com/community/post/entry-0070,2025-09-08T00:00:00,6,1,Project 70,Creator 70,https://figma.site/sample-70,,,,21,0,21,False,,749,False,1,True,False,False,False,False,False,False
Figma Make-a-thon (Sep 2025),entry_0071,https://contra.com/community/post/entry-0071,2025-09-04T00:00:00,2,5,Project 71,Creator 71,,,https://youtube.com/watch?v=sample71,,62,10,82,False,,0,False,1,True,False,False,False,False,False,False
Figma Make-a-thon (Sep 2025),entry_0072,https://contra.com/community/post/entry-0072,2025-09-06T00:00:00,4,3,Project 72,Creator 72,https://figma.site/sample-72,https://figma.com/community/file/72,,,55,17,89,False,,177,False,1,True,False,False,False,False,False,False
Figma Make-a-thon (Sep 2025),entry_0073,https://contra.com/community/post/entry-0073,2025-09-09T00:00:00,7,0,Project 73,Creator 73,,,,,23,4,31,False,,492,False,0,False,False,False,False,False,False,False
Figma Make-a-thon (Sep 2025),entry_0074,https://contra.com/community/post/entry-0074,2025-09-04T00:00:00,2,5,Project 74,Creator 74,https://figma.site/sample-74,,https://youtube.com/watch?v=sample74,,92,0,92,False,,328,False,1,True,False,False,False,False,False,False
Figma Make-a-thon (Sep 2025),entry_0075,https://contra.com/community/post/entry-0075,2025-09-05T00:00:00,3,4,Project 75,Creator 75,,https://figma.com/community/file/75,https://youtube.com/watch?v=sample75,,25,26,77,False,,0,False,1,False,True,False,False,False,False,False
Figma Make-a-thon (Sep 2025),entry_0076,https://contra.com/community/post/entry-0076,2025-09-05T00:00:00,3,4,Type Forge,Lee Black,,,https://youtube.com/watch?v=sample76,,447,71,589,True,2nd ($15K),3381,False,4,True,True,True,False,True,True,True
Figma Make-a-thon (Sep 2025),entry_0077,https://contra.com/community/post/entry-0077,2025-09-06T00:00:00,4,3,Project 77,Creator 77,,,,,65,1,67,False,,777,False,2,False,True,False,True,False,False,False
Figma Make-a-thon (Sep 2025),entry_0078,https://contra.com/community/post/entry-0078,2025-09-08T00:00:00,6,1,Project 78,Creator 78,https://figma.site/sample-78,https://figma.com/community/file/78,,,54,5,64,False,,36,False,2,False,True,False,True,False,False,False
Figma Make-a-thon (Sep 2025),entry_0079,https://contra.com/community/post/entry-0079,2025-09-09T00:00:00,7,0,Project 79,Creator 79,,https://figma.com/community/file/79,,,13,3,19,False,,132,False,1,False,False,True,False,False,False,False
Figma Make-a-thon (Sep 2025),entry_0080,https://contra.com/community/post/entry-0080,2025-09-05T00:00:00,3,4,Project 80,Creator 80,https://figma.site/sample-80,https://figma.com/community/file/80,,,110,15,140,False,,15,False,2,True,True,False,False,False,False,False
Figma Make-a-thon (Sep 2025),entry_0081,https://contra.com/community/post/entry-0081,2025-09-09T00:00:00,7,0,Project 81,Creator 81,https://figma.site/sample-81,https://figma.com/community/file/81,https://youtube.com/watch?v=sample81,,24,5,34,False,,184,False,1,True,False,False,False,False,False,False
Figma Make-a-thon (Sep 2025),entry_0082,https://contra.com/community/post/entry-0082,2025-09-07T00:00:00,5,2,Project 82,Creator 82,https://figma.site/sample-82,https://figma.com/community/file/82,,,47,5,57,False,,123,False,1,False,False,True,False,False,False,False
Figma Make-a-thon (Sep 2025),entry_0083,https://contra.com/community/post/entry-0083,2025-09-07T00:00:00,5,2,Project 83,Creator 83,https://figma.site/sample-83,https://figma.com/community/file/83,,,67,4,75,False,,289,False,0,False,False,False,False,False,False,False
Figma Make-a-thon (Sep 2025),entry_0084,https://contra.com/community/post/entry-0084,2025-09-07T00:00:00,5,2,Project 84,Creator 84,,https://figma.com/community/file/84,https://youtube.com/watch?v=sample84,,55,0,55,False,,477,False,2,False,True,True,False,False,True,False
Figma Make-a-thon (Sep 2025),entry_0085,https://contra.com/community/post/entry-0085,2025-09-03T00:00:00,1,6,Project 85,Creator 85,https://figma.site/sample-85,https://figma.com/community/file/85,,,14,55,124,False,,515,False,2,True,False,False,True,False,False,False
Figma Make-a-thon (Sep 2025),entry_0086,https://contra.com/community/post/entry-0086,2025-09-09T00:00:00,7,0,Project 86,Creator 86,,,,,15,2,19,False,,0,False,1,False,False,True,False,False,False,False
Figma Make-a-thon (Sep 2025),entry_0087,https://contra.com/community/post/entry-0087,2025-09-03T00:00:00,1,6,Project 87,Creator 87,https://figma.site/sample-87,https://figma.com/community/file/87,https://youtube.com/watch?v=sample87,,262,0,262,False,,664,False,0,False,False,False,False,False,False,False
Figma Make-a-thon (Sep 2025),entry_0088,https://contra.com/community/post/entry-0088,2025-09-08T00:00:00,6,1,Project 88,Creator 88,,https://figma.com/community/file/88,https://youtube.com/watch?v=sample88,,29,11,51,False,,0,False,0,False,False,False,False,False,False,False
Figma Make-a-thon (Sep 2025),entry_0089,https://contra.com/community/post/entry-0089,2025-09-07T00:00:00,5,2,Project 89,Creator 89,https://figma.site/sample-89,,https://youtube.com/watch?v=sample89,,26,4,34,False,,305,False,2,True,False,False,False,True,False,False
Figma Make-a-thon (Sep 2025),entry_0090,https://contra.com/community/post/entry-0090,2025-09-04T00:00:00,2,5,Project 90,Creator 90,https://figma.site/sample-90,,https://youtube.com/watch?v=sample90,,186,29,244,False,,924,False,0,False,False,False,False,False,False,False
Figma Make-a-thon (Sep 2025),entry_0091,https://contra.com/community/post/entry-0091,2025-09-08T00:00:00,6,1,Project 91,Creator 91,https://figma.site/sample-91,https://figma.com/community/file/91,https://youtube.com/watch?v=sample91,,28,8,44,False,,514,False,2,True,False,True,False,False,False,False
Figma Make-a-thon (Sep 2025),entry_0092,https://contra.com/community/post/entry-0092,2025-09-06T00:00:00,4,3,Project 92,Creator 92,https://figma.site/sample-92,https://figma.com/community/file/92,,,64,14,92,False,,83,False,1,False,False,False,False,True,False,False
Figma Make-a-thon (Sep 2025),entry_0093,https://contra.com/community/post/entry-0093,2025-09-09T00:00:00,7,0,Project 93,Creator 93,https://figma.site/sample-93,,https://youtube.com/watch?v=sample93,,14,0,14,False,,749,False,0,False,False,False,False,False,True,False
Figma Make-a-thon (Sep 2025),entry_0094,https://contra.com/community/post/entry-0094,2025-09-07T00:00:00,5,2,Project 94,Creator 94,https://figma.site/sample-94,,https://youtube.com/watch?v=sample94,,30,8,46,False,,472,False,2,False,False,True,False,True,False,False
Figma Make-a-thon (Sep 2025),entry_0095,https://contra.com/community/post/entry-0095,2025-09-08T00:00:00,6,1,Project 95,Creator 95,https://figma.site/sample-95,,https://youtube.com/watch?v=sample95,,28,2,32,False,,592,False,0,False,False,False,False,False,False,False
Figma Make-a-thon (Sep 2025),entry_0096,https://contra.com/community/post/entry-0096,2025-09-08T00:00:00,6,1,Project 96,Creator 96,https://figma.site/sample-96,https://figma.com/community/file/96,https://youtube.com/watch?v=sample96,,10,5,20,False,,794,False,1,False,False,False,True,False,False,False
Figma Make-a-thon (Sep 2025),entry_0097,https://contra.com/community/post/entry-0097,2025-09-03T00:00:00,1,6,Grid Garden,Alex Rivera,https://figma.site/sample-97,https://figma.com/community/file/97,https://youtube.com/watch?v=sample97,,667,81,829,True,Best Prompt,3194,False,2,False,True,False,False,True,True,True
Figma Make-a-thon (Sep 2025),entry_0098,https://contra.com/community/post/entry-0098,2025-09-09T00:00:00,7,0,Project 98,Creator 98,https://figma.site/sample-98,https://figma.com/community/file/98,https://youtube.com/watch?v=sample98,,6,2,10,False,,347,False,0,False,False,False,False,False,False,False
Figma Make-a-thon (Sep 2025),entry_0099,https://contra.com/community/post/entry-0099,2025-09-05T00:00:00,3,4,Project 99,Creator 99,https://figma.site/sample-99,,https://youtube.com/watch?v=sample99,,157,18,193,False,,574,False,1,False,False,False,False,True,True,False
Figma Make-a-thon (Sep 2025),entry_0100,https://contra.com/community/post/entry-0100,2025-09-07T00:00:00,5,2,Project 100,Creator 100,https://figma.site/sample-100,https://figma.com/community/file/100,https://youtube.com/watch?v=sample100,,33,11,55,False,,71,False,0,False,False,False,False,False,False,False
Figma Make-a-thon (Sep 2025),entry_0101,https://contra.com/community/post/entry-0101,2025-09-06T00:00:00,4,3,Project 101,Creator 101,https://figma.site/sample-101,,https://youtube.com/watch?v=sample101,,45,2,49,False,,478,False,1,True,False,False,False,False,False,False
Figma Make-a-thon (Sep 2025),entry_0102,https://contra.com/community/post/entry-0102,2025-09-08T00:00:00,6,1,Project 102,Creator 102,,,https://youtube.com/watch?v=sample102,,17,5,27,False,,37,False,3,True,True,True,False,False,False,False
Figma Make-a-thon (Sep 2025),entry_0103,https://contra.com/community/post/entry-0103,2025-09-07T00:00:00,5,2,Project 103,Creator 103,,https://figma.com/community/file/103,https://youtube.com/watch?v=sample103,,20,5,30,False,,182,False,0,False,False,False,False,False,False,False
Figma Make-a-thon (Sep 2025),entry_0104,https://contra.com/community/post/entry-0104,2025-09-08T00:00:00,6,1,Project 104,Creator 104,https://figma.site/sample-104,,,,24,0,24,False,,407,False,0,False,False,False,False,False,False,False
Figma Make-a-thon (Sep 2025),entry_0105,https://contra.com/community/post/entry-0105,2025-09-08T00:00:00,6,1,Project 105,Creator 105,https://figma.site/sample-105,https://figma.com/community/file/105,,,0,10,20,False,,309,False,1,False,False,False,True,False,False,False
Figma Make-a-thon (Sep 2025),entry_0106,https://contra.com/community/post/entry-0106,2025-09-03T00:00:00,1,6,Motion Study,Johannes Specht,https://figma.site/sample-106,,https://youtube.com/watch?v=sample106,,798,157,1112,True,3rd ($7.5K),4375,False,1,False,False,False,False,True,True,True
Figma Make-a-thon (Sep 2025),entry_0107,https://contra.com/community/post/entry-0107,2025-09-04T00:00:00,2,5,Project 107,Creator 107,https://figma.site/sample-107,,,,88,13,114,False,,829,False,0,False,False,False,False,False,False,False
Figma Make-a-thon (Sep 2025),entry_0108,https://contra.com/community/post/entry-0108,2025-09-05T00:00:00,3,4,Project 108,Creator 108,https://figma.site/sample-108,,,,113,0,113,False,,1305,False,1,False,False,True,False,False,False,False
Figma Make-a-thon (Sep 2025),entry_0109,https://contra.com/community/post/entry-0109,2025-09-07T00:00:00,5,2,Project 109,Creator 109,https://figma.site/sample-109,https://figma.com/community/file/109,,,71,0,71,False,,65,False,1,False,True,False,False,False,False,False
Figma Make-a-thon (Sep 2025),entry_0110,https://contra.com/community/post/entry-0110,2025-09-08T00:00:00,6,1,Project 110,Creator 110,https://figma.site/sample-110,,,,28,0,28,False,,662,False,2,False,False,True,False,True,False,False
Figma Make-a-thon (Sep 2025),entry_0111,https://contra.com/community/post/entry-0111,2025-09-03T00:00:00,1,6,Project 111,Creator 111,https://figma.site/sample-111,https://figma.com/community/file/111,,,107,12,131,False,,354,False,3,False,False,True,True,True,False,False
Figma Make-a-thon (Sep 2025),entry_0112,https://contra.com/community/post/entry-0112,2025-09-04T00:00:00,2,5,Project 112,Creator 112,https://figma.site/sample-112,,,,206,5,216,False,,865,False,2,False,True,False,False,True,False,False
Figma Makeathon March 2026,entry_0113,https://contra.com/community/post/entry-0113,2026-02-20T00:00:00,20,23,Project 113,Creator 113,https://figma.site/sample-113,https://figma.com/community/file/113,,,57,10,77,False,,68,False,2,False,True,False,True,False,False,False
Figma Makeathon March 2026,entry_0114,https://contra.com/community/post/entry-0114,2026-02-18T00:00:00,18,25,Project 114,Creator 114,,,,,27,3,33,False,,572,False,2,False,True,True,False,False,False,False
Figma Makeathon March 2026,entry_0115,https://contra.com/community/post/entry-0115,2026-02-18T00:00:00,18,25,Project 115,Creator 115,https://figma.site/sample-115,,https://youtube.com/watch?v=sample115,,127,14,155,False,,741,False,1,False,False,False,False,True,True,False
Figma Makeathon March 2026,entry_0116,https://contra.com/community/post/entry-0116,2026-02-12T00:00:00,12,31,Project 116,Creator 116,https://figma.site/sample-116,,https://youtube.com/watch?v=sample116,,29,0,29,False,,0,False,1,False,True,False,False,False,False,False
Figma Makeathon March 2026,entry_0117,https://contra.com/community/post/entry-0117,2026-02-13T00:00:00,13,30,Project 117,Creator 117,https://figma.site/sample-117,,,,83,20,123,False,,301,False,1,False,True,False,False,False,False,False
Figma Makeathon March 2026,entry_0118,https://contra.com/community/post/entry-0118,2026-03-07T00:00:00,35,8,Project 118,Creator 118,https://figma.site/sample-118,,https://youtube.com/watch?v=sample118,,25,16,57,False,,519,False,2,True,False,False,True,False,False,False
Figma Makeathon March 2026,entry_0119,https://contra.com/community/post/entry-0119,2026-02-10T00:00:00,10,33,Plan That Trip. Now,Daniella Marynova,https://figma.site/sample-119,https://figma.com/community/file/119,https://youtube.com/watch?v=sample119,,634,91,816,True,Boundary Pushing,4028,False,3,True,True,False,False,True,True,False
Figma Makeathon March 2026,entry_0120,https://contra.com/community/post/entry-0120,2026-02-05T00:00:00,5,38,Project 120,Creator 120,https://figma.site/sample-120,,,,265,0,265,False,,532,False,1,False,False,False,False,True,False,False
Figma Makeathon March 2026,entry_0121,https://contra.com/community/post/entry-0121,2026-03-02T00:00:00,30,13,Project 121,Creator 121,https://figma.site/sample-121,,,,16,5,26,False,,895,False,1,False,False,False,True,False,False,False
Figma Makeathon March 2026,entry_0122,https://contra.com/community/post/entry-0122,2026-02-14T00:00:00,14,29,Project 122,Creator 122,,,https://youtube.com/watch?v=sample122,,102,0,102,False,,84,False,1,False,False,False,False,True,False,False
Figma Makeathon March 2026,entry_0123,https://contra.com/community/post/entry-0123,2026-02-28T00:00:00,28,15,Project 123,Creator 123,https://figma.site/sample-123,,,,37,22,81,False,,174,False,0,False,False,False,False,False,False,False
Figma Makeathon March 2026,entry_0124,https://contra.com/community/post/entry-0124,2026-03-10T00:00:00,38,5,Project 124,Creator 124,,https://figma.com/community/file/124,https://youtube.com/watch?v=sample124,,16,7,30,False,,262,False,0,False,False,False,False,False,False,False
Figma Makeathon March 2026,entry_0125,https://contra.com/community/post/entry-0125,2026-02-19T00:00:00,19,24,Project 125,Creator 125,https://figma.site/sample-125,https://figma.com/community/file/125,https://youtube.com/watch?v=sample125,,69,24,117,False,,222,False,3,True,True,True,False,False,False,False
Figma Makeathon March 2026,entry_0126,https://contra.com/community/post/entry-0126,2026-03-11T00:00:00,39,4,Project 126,Creator 126,https://figma.site/sample-126,https://figma.com/community/file/126,,,26,3,32,False,,370,False,0,False,False,False,False,False,False,False
Figma Makeathon March 2026,entry_0127,https://contra.com/community/post/entry-0127,2026-03-05T00:00:00,33,10,Project 127,Creator 127,https://figma.site/sample-127,,https://youtube.com/watch?v=sample127,,58,7,72,False,,342,False,2,False,True,False,False,True,False,False
Figma Makeathon March 2026,entry_0128,https://contra.com/community/post/entry-0128,2026-02-23T00:00:00,23,20,Project 128,Creator 128,,https://figma.com/community/file/128,,,57,8,73,False,,0,False,1,True,False,False,False,False,False,False
Figma Makeathon March 2026,entry_0129,https://contra.com/community/post/entry-0129,2026-02-10T00:00:00,10,33,Project 129,Creator 129,,https://figma.com/community/file/129,https://youtube.com/watch?v=sample129,,131,26,183,False,,601,False,1,False,False,True,False,False,False,False
Figma Makeathon March 2026,entry_0130,https://contra.com/community/post/entry-0130,2026-02-18T00:00:00,18,25,Project 130,Creator 130,https://figma.site/sample-130,,,,79,18,115,False,,341,False,2,False,True,False,True,False,False,False
Figma Makeathon March 2026,entry_0131,https://contra.com/community/post/entry-0131,2026-03-07T00:00:00,35,8,Project 131,Creator 131,https://figma.site/sample-131,https://figma.com/community/file/131,https://youtube.com/watch?v=sample131,,0,9,18,False,,189,False,2,False,True,False,False,True,False,False
Figma Makeathon March 2026,entry_0132,https://contra.com/community/post/entry-0132,2026-03-08T00:00:00,36,7,Project 132,Creator 132,,,https://youtube.com/watch?v=sample132,,72,3,78,False,,491,False,1,False,False,False,True,False,False,False
Figma Makeathon March 2026,entry_0133,https://contra.com/community/post/entry-0133,2026-02-22T00:00:00,22,21,Project 133,Creator 133,https://figma.site/sample-133,,,,23,13,49,False,,232,False,2,True,False,False,True,False,False,False
Figma Makeathon March 2026,entry_0134,https://contra.com/community/post/entry-0134,2026-02-07T00:00:00,7,36,Package Customizer,Johannes Specht,https://figma.site/sample-134,,https://youtube.com/watch?v=sample134,,407,41,489,True,New Interaction,2717,False,3,True,False,False,True,True,True,True
Figma Makeathon March 2026,entry_0135,https://contra.com/community/post/entry-0135,2026-02-02T00:00:00,2,41,Project 135,Creator 135,,https://figma.com/community/file/135,,,238,57,352,False,,709,False,0,False,False,False,False,False,False,False
Figma Makeathon March 2026,entry_0136,https://contra.com/community/post/entry-0136,2026-02-15T00:00:00,15,28,Project 136,Creator 136,https://figma.site/sample-136,,https://youtube.com/watch?v=sample136,,123,21,165,False,,169,False,1,False,True,False,False,False,False,False
Figma Makeathon March 2026,entry_0137,https://contra.com/community/post/entry-0137,2026-03-03T00:00:00,31,12,Project 137,Creator 137,,,,,38,0,38,False,,783,False,1,False,False,True,False,False,False,False
Figma Makeathon March 2026,entry_0138,https://contra.com/community/post/entry-0138,2026-02-10T00:00:00,10,33,Project 138,Creator 138,https://figma.site/sample-138,,,,189,15,219,False,,221,False,2,True,False,True,False,False,False,False
Figma Makeathon March 2026,entry_0139,https://contra.com/community/post/entry-0139,2026-02-20T00:00:00,20,23,Project 139,Creator 139,https://figma.site/sample-139,https://figma.com/community/file/139,https://youtube.com/watch?v=sample139,,67,8,83,False,,408,False,2,True,False,True,False,False,False,False
Figma Makeathon March 2026,entry_0140,https://contra.com/community/post/entry-0140,2026-03-12T00:00:00,40,3,Project 140,Creator 140,https://figma.site/sample-140,,https://youtube.com/watch?v=sample140,,18,1,20,False,,484,False,1,False,False,True,False,False,False,False
Figma Makeathon March 2026,entry_0141,https://contra.com/community/post/entry-0141,2026-03-06T00:00:00,34,9,Project 141,Creator 141,,https://figma.com/community/file/141,,,0,9,18,False,,750,False,0,False,False,False,False,False,False,False
Figma Makeathon March 2026,entry_0142,https://contra.com/community/post/entry-0142,2026-02-20T00:00:00,20,23,Project 142,Creator 142,https://figma.site/sample-142,https://figma.com/community/file/142,https://youtube.com/watch?v=sample142,,91,13,117,False,,175,False,1,False,False,True,False,False,False,False
Figma Makeathon March 2026,entry_0143,https://contra.com/community/post/entry-0143,2026-03-05T00:00:00,33,10,Project 143,Creator 143,,,https://youtube.com/watch?v=sample143,,37,3,43,False,,282,False,1,False,False,True,False,False,False,False
Figma Makeathon March 2026,entry_0144,https://contra.com/community/post/entry-0144,2026-03-01T00:00:00,29,14,Project 144,Creator 144,https://figma.site/sample-144,https://figma.com/community/file/144,https://youtube.com/watch?v=sample144,,60,0,60,False,,1063,False,0,False,False,False,False,False,False,False
Figma Makeathon March 2026,entry_0145,https://contra.com/community/post/entry-0145,2026-02-15T00:00:00,15,28,Project 145,Creator 145,,https://figma.com/community/file/145,https://youtube.com/watch?v=sample145,,196,10,216,False,,334,False,1,False,True,False,False,False,False,False
Figma Makeathon March 2026,entry_0146,https://contra.com/community/post/entry-0146,2026-03-07T00:00:00,35,8,Project 146,Creator 146,,,https://youtube.com/watch?v=sample146,,37,5,47,False,,39,False,2,True,True,False,False,False,False,False
Figma Makeathon March 2026,entry_0147,https://contra.com/community/post/entry-0147,2026-03-04T00:00:00,32,11,Project 147,Creator 147,https://figma.site/sample-147,https://figma.com/community/file/147,,,52,4,60,False,,561,False,2,True,False,True,False,False,False,False
Figma Makeathon March 2026,entry_0148,https://contra.com/community/post/entry-0148,2026-03-14T00:00:00,42,1,Project 148,Creator 148,https://figma.site/sample-148,,,,17,1,19,False,,163,False,1,False,True,False,False,False,False,False
Figma Makeathon March 2026,entry_0149,https://contra.com/community/post/entry-0149,2026-02-09T00:00:00,9,34,Project 149,Creator 149,https://figma.site/sample-149,,https://youtube.com/watch?v=sample149,,154,0,154,False,,37,False,1,True,False,False,False,False,False,False
Figma Makeathon March 2026,entry_0150,https://contra.com/community/post/entry-0150,2026-02-17T00:00:00,17,26,Project 150,Creator 150,https://figma.site/sample-150,,https://youtube.com/watch?v=sample150,,114,9,132,False,,338,False,1,False,False,True,False,False,False,False
Figma Makeathon March 2026,entry_0151,https://contra.com/community/post/entry-0151,2026-02-19T00:00:00,19,24,Project 151,Creator 151,https://figma.site/sample-151,,https://youtube.com/watch?v=sample151,,168,5,178,False,,358,False,0,False,False,False,False,False,False,False
Figma Makeathon March 2026,entry_0152,https://contra.com/community/post/entry-0152,2026-03-04T00:00:00,32,11,Project 152,Creator 152,https://figma.site/sample-152,,https://youtube.com/watch?v=sample152,,55,4,63,False,,713,False,1,True,False,False,False,False,True,False
Figma Makeathon March 2026,entry_0153,https://contra.com/community/post/entry-0153,2026-03-01T00:00:00,29,14,Project 153,Creator 153,https://figma.site/sample-153,,,,0,5,10,False,,660,False,2,False,True,False,False,True,False,False
Figma Makeathon March 2026,entry_0154,https://contra.com/community/post/entry-0154,2026-02-09T00:00:00,9,34,Project 154,Creator 154,https://figma.site/sample-154,,,,315,11,337,False,,548,False,2,True,False,True,False,False,False,False
Figma Makeathon March 2026,entry_0155,https://contra.com/community/post/entry-0155,2026-02-06T00:00:00,6,37,Project 155,Creator 155,https://figma.site/sample-155,https://figma.com/community/file/155,,,7,0,7,False,,1062,False,0,False,False,False,False,False,False,False
Figma Makeathon March 2026,entry_0156,https://contra.com/community/post/entry-0156,2026-03-07T00:00:00,35,8,Project 156,Creator 156,https://figma.site/sample-156,,,,27,7,41,False,,235,False,4,True,True,True,True,False,False,False
Figma Makeathon March 2026,entry_0157,https://contra.com/community/post/entry-0157,2026-03-07T00:00:00,35,8,Project 157,Creator 157,,,,,21,4,29,False,,496,False,1,False,False,False,False,True,False,False
Figma Makeathon March 2026,entry_0158,https://contra.com/community/post/entry-0158,2026-02-04T00:00:00,4,39,Pixel Flow,Yuki Tanaka,https://figma.site/sample-158,,https://youtube.com/watch?v=sample158,,827,130,1087,True,Reimagining Iconic Interactions,965,False,3,True,True,False,True,False,True,False
Figma Makeathon March 2026,entry_0159,https://contra.com/community/post/entry-0159,2026-02-03T00:00:00,3,40,Pixel Flow,Kiel Cole,https://figma.site/sample-159,https://figma.com/community/file/159,https://youtube.com/watch?v=sample159,,971,157,1285,True,New Interaction,2839,False,3,True,True,False,True,False,True,True
Figma Makeathon March 2026,entry_0160,https://contra.com/community/post/entry-0160,2026-02-24T00:00:00,24,19,Project 160,Creator 160,https://figma.site/sample-160,https://figma.com/community/file/160,,,0,9,18,False,,431,False,1,True,False,False,False,False,False,False
Figma Makeathon March 2026,entry_0161,https://contra.com/community/post/entry-0161,2026-02-12T00:00:00,12,31,Project 161,Creator 161,https://figma.site/sample-161,https://figma.com/community/file/161,https://youtube.com/watch?v=sample161,,92,8,108,False,,846,False,0,False,False,False,False,False,False,False
Figma Makeathon March 2026,entry_0162,https://contra.com/community/post/entry-0162,2026-02-07T00:00:00,7,36,Common Thread,Johannes Specht,https://figma.site/sample-162,https://figma.com/community/file/162,https://youtube.com/watch?v=sample162,,749,72,893,True,Boundary Pushing,1630,False,2,False,True,False,False,True,False,True
Figma Makeathon March 2026,entry_0163,https://contra.com/community/post/entry-0163,2026-02-01T00:00:00,1,42,Project 163,Creator 163,,,,,239,38,315,False,,147,False,0,False,False,False,False,False,False,False
Figma Makeathon March 2026,entry_0164,https://contra.com/community/post/entry-0164,2026-02-20T00:00:00,20,23,Project 164,Creator 164,,,,,81,10,101,False,,809,False,0,False,False,False,False,False,False,False
Figma Makeathon March 2026,entry_0165,https://contra.com/community/post/entry-0165,2026-03-06T00:00:00,34,9,Project 165,Creator 165,,,,,32,8,48,False,,996,False,0,False,False,False,False,False,False,False
Figma Makeathon March 2026,entry_0166,https://contra.com/community/post/entry-0166,2026-02-18T00:00:00,18,25,Project 166,Creator 166,https://figma.site/sample-166,https://figma.com/community/file/166,,,54,13,80,False,,0,False,0,False,False,False,False,False,False,False
Figma Makeathon March 2026,entry_0167,https://contra.com/community/post/entry-0167,2026-02-12T00:00:00,12,31,Project 167,Creator 167,,https://figma.com/community/file/167,,,160,15,190,False,,610,False,1,True,False,False,False,False,False,False
Figma Makeathon March 2026,entry_0168,https://contra.com/community/post/entry-0168,2026-02-25T00:00:00,25,18,Project 168,Creator 168,https://figma.site/sample-168,https://figma.com/community/file/168,,,31,18,67,False,,1045,False,1,False,True,False,False,False,False,False
Figma Makeathon March 2026,entry_0169,https://contra.com/community/post/entry-0169,2026-02-13T00:00:00,13,30,Project 169,Creator 169,https://figma.site/sample-169,https://figma.com/community/file/169,,,244,21,286,False,,399,False,0,False,False,False,False,False,False,False
Figma Makeathon March 2026,entry_0170,https://contra.com/community/post/entry-0170,2026-02-17T00:00:00,17,26,Project 170,Creator 170,https://figma.site/sample-170,,https://youtube.com/watch?v=sample170,,28,8,44,False,,956,False,1,True,False,False,False,False,False,False
Figma Makeathon March 2026,entry_0171,https://contra.com/community/post/entry-0171,2026-03-15T00:00:00,43,0,Project 171,Creator 171,,,,,7,9,25,False,,150,False,0,False,False,False,False,False,False,False
Figma Makeathon March 2026,entry_0172,https://contra.com/community/post/entry-0172,2026-03-05T00:00:00,33,10,Project 172,Creator 172,,https://figma.com/community/file/172,https://youtube.com/watch?v=sample172,,10,9,28,False,,272,False,3,True,True,True,False,False,False,False
Figma Makeathon March 2026,entry_0173,https://contra.com/community/post/entry-0173,2026-03-13T00:00:00,41,2,Project 173,Creator 173,https://figma.site/sample-173,https://figma.com/community/file/173,,,6,1,8,False,,244,False,2,False,False,True,True,False,False,False
Figma Makeathon March 2026,entry_0174,https://contra.com/community/post/entry-0174,2026-03-06T00:00:00,34,9,Project 174,Creator 174,,https://figma.com/community/file/174,https://youtube.com/watch?v=sample174,,9,4,17,False,,598,False,1,False,False,False,False,True,False,False
Figma Makeathon March 2026,entry_0175,https://contra.com/community/post/entry-0175,2026-02-22T00:00:00,22,21,Project 175,Creator 175,https://figma.site/sample-175,https://figma.com/community/file/175,https://youtube.com/watch?v=sample175,,63,2,67,False,,976,False,1,False,False,True,False,False,False,False
Figma Makeathon March 2026,entry_0176,https://contra.com/community/post/entry-0176,2026-02-25T00:00:00,25,18,Project 176,Creator 176,https://figma.site/sample-176,,,,43,21,85,False,,446,False,2,False,True,True,False,False,False,False
Figma Makeathon March 2026,entry_0177,https://contra.com/community/post/entry-0177,2026-02-26T00:00:00,26,17,Project 177,Creator 177,https://figma.site/sample-177,,,,50,13,76,False,,578,False,2,True,False,True,False,False,False,False
Figma Makeathon March 2026,entry_0178,https://contra.com/community/post/entry-0178,2026-02-07T00:00:00,7,36,TOKYO,Lee Black,https://figma.site/sample-178,https://figma.com/community/file/178,https://youtube.com/watch?v=sample178,,648,161,970,True,Excellence in Craft,2723,False,2,True,False,True,False,False,True,False
Figma Makeathon March 2026,entry_0179,https://contra.com/community/post/entry-0179,2026-03-01T00:00:00,29,14,Project 179,Creator 179,,,https://youtube.com/watch?v=sample179,,15,9,33,False,,624,False,1,False,False,True,False,False,False,False
Figma Makeathon March 2026,entry_0180,https://contra.com/community/post/entry-0180,2026-02-16T00:00:00,16,27,Project 180,Creator 180,https://figma.site/sample-180,,,,102,17,136,False,,874,False,3,True,True,True,False,False,False,False
Figma Makeathon March 2026,entry_0181,https://contra.com/community/post/entry-0181,2026-03-12T00:00:00,40,3,Project 181,Creator 181,https://figma.site/sample-181,,,,24,9,42,False,,545,False,1,False,False,False,False,True,False,False
Figma Makeathon March 2026,entry_0182,https://contra.com/community/post/entry-0182,2026-02-18T00:00:00,18,25,Project 182,Creator 182,https://figma.site/sample-182,,,,200,16,232,False,,476,False,1,False,False,False,True,False,False,False
Figma Makeathon March 2026,entry_0183,https://contra.com/community/post/entry-0183,2026-02-08T00:00:00,8,35,Project 183,Creator 183,https://figma.site/sample-183,,,,50,0,50,False,,882,False,2,True,True,False,False,False,False,False
Figma Makeathon March 2026,entry_0184,https://contra.com/community/post/entry-0184,2026-02-20T00:00:00,20,23,Project 184,Creator 184,https://figma.site/sample-184,https://figma.com/community/file/184,https://youtube.com/watch?v=sample184,,72,23,118,False,,661,False,0,False,False,False,False,False,False,False
Figma Makeathon March 2026,entry_0185,https://contra.com/community/post/entry-0185,2026-02-24T00:00:00,24,19,Project 185,Creator 185,https://figma.site/sample-185,https://figma.com/community/file/185,,,23,13,49,False,,797,False,0,False,False,False,False,False,False,False
Figma Makeathon March 2026,entry_0186,https://contra.com/community/post/entry-0186,2026-02-06T00:00:00,6,37,Project 186,Creator 186,,,https://youtube.com/watch?v=sample186,,167,48,263,False,,765,False,1,False,False,False,True,False,False,False
Figma Makeathon March 2026,entry_0187,https://contra.com/community/post/entry-0187,2026-02-19T00:00:00,19,24,Project 187,Creator 187,https://figma.site/sample-187,https://figma.com/community/file/187,https://youtube.com/watch?v=sample187,,21,0,21,False,,0,False,1,False,False,True,False,False,False,False
Figma Makeathon March 2026,entry_0188,https://contra.com/community/post/entry-0188,2026-03-13T00:00:00,41,2,Project 188,Creator 188,https://figma.site/sample-188,,,,35,6,47,False,,328,False,0,False,False,False,False,False,False,False
Figma Makeathon March 2026,entry_0189,https://contra.com/community/post/entry-0189,2026-02-26T00:00:00,26,17,Project 189,Creator 189,https://figma.site/sample-189,,,,59,8,75,False,,402,False,0,False,False,False,False,False,False,True
Figma Makeathon March 2026,entry_0190,https://contra.com/community/post/entry-0190,2026-03-14T00:00:00,42,1,Project 190,Creator 190,https://figma.site/sample-190,,,,35,4,43,False,,0,False,0,False,False,False,False,False,False,False
Figma Makeathon March 2026,entry_0191,https://contra.com/community/post/entry-0191,2026-02-22T00:00:00,22,21,Project 191,Creator 191,,https://figma.com/community/file/191,,,77,5,87,False,,33,False,1,False,False,False,False,True,False,False
Figma Makeathon March 2026,entry_0192,https://contra.com/community/post/entry-0192,2026-03-09T00:00:00,37,6,Project 192,Creator 192,https://figma.site/sample-192,https://figma.com/community/file/192,https://youtube.com/watch?v=sample192,,27,10,47,False,,419,False,0,False,False,False,False,False,False,False
Figma Makeathon March 2026,entry_0193,https://contra.com/community/post/entry-0193,2026-03-13T00:00:00,41,2,Project 193,Creator 193,,https://figma.com/community/file/193,https://youtube.com/watch?v=sample193,,36,4,44,False,,1008,False,1,False,True,False,False,False,True,False
Figma Makeathon March 2026,entry_0194,https://contra.com/community/post/entry-0194,2026-02-21T00:00:00,21,22,Project 194,Creator 194,https://figma.site/sample-194,,https://youtube.com/watch?v=sample194,,91,6,103,False,,0,False,3,True,False,True,False,True,False,False
Figma Makeathon March 2026,entry_0195,https://contra.com/community/post/entry-0195,2026-02-13T00:00:00,13,30,Project 195,Creator 195,https://figma.site/sample-195,,,,136,20,176,False,,157,False,2,True,True,False,False,False,False,False
Figma Makeathon March 2026,entry_0196,https://contra.com/community/post/entry-0196,2026-02-15T00:00:00,15,28,Project 196,Creator 196,https://figma.site/sample-196,,,,177,18,213,False,,722,False,1,False,True,False,False,False,False,False
Figma Makeathon March 2026,entry_0197,https://contra.com/community/post/entry-0197,2026-03-02T00:00:00,30,13,Project 197,Creator 197,,,,,26,16,58,False,,401,False,2,True,False,True,False,False,False,False
Figma Makeathon March 2026,entry_0198,https://contra.com/community/post/entry-0198,2026-03-10T00:00:00,38,5,Project 198,Creator 198,,,https://youtube.com/watch?v=sample198,,33,8,49,False,,5,False,2,True,True,False,False,False,False,False
Figma Makeathon March 2026,entry_0199,https://contra.com/community/post/entry-0199,2026-02-09T00:00:00,9,34,Project 199,Creator 199,,,https://youtube.com/watch?v=sample199,,85,48,181,False,,488,False,2,True,False,True,False,False,False,False
Figma Makeathon March 2026,entry_0200,https://contra.com/community/post/entry-0200,2026-02-18T00:00:00,18,25,Motion Study,Daniella Marynova,https://figma.site/sample-200,https://figma.com/community/file/200,https://youtube.com/watch?v=sample200,,335,55,445,True,Fan Favorite on Social,435,False,3,True,False,False,True,True,True,False
Figma Makeathon March 2026,entry_0201,https://contra.com/community/post/entry-0201,2026-02-08T00:00:00,8,35,Project 201,Creator 201,,https://figma.com/community/file/201,https://youtube.com/watch?v=sample201,,193,23,239,False,,76,False,0,False,False,False,False,False,False,False
Figma Makeathon March 2026,entry_0202,https://contra.com/community/post/entry-0202,2026-03-09T00:00:00,37,6,Project 202,Creator 202,,https://figma.com/community/file/202,https://youtube.com/watch?v=sample202,,58,10,78,False,,543,False,1,True,False,False,False,False,False,False
Figma Makeathon March 2026,entry_0203,https://contra.com/community/post/entry-0203,2026-02-06T00:00:00,6,37,Project 203,Creator 203,https://figma.site/sample-203,,https://youtube.com/watch?v=sample203,,55,0,55,False,,248,False,1,True,False,False,False,False,False,False
Figma Makeathon March 2026,entry_0204,https://contra.com/community/post/entry-0204,2026-03-10T00:00:00,38,5,Project 204,Creator 204,https://figma.site/sample-204,https://figma.com/community/file/204,,,17,10,37,False,,0,False,0,False,False,False,False,False,False,False
Figma Makeathon March 2026,entry_0205,https://contra.com/community/post/entry-0205,2026-03-10T00:00:00,38,5,Project 205,Creator 205,https://figma.site/sample-205,https://figma.com/community/file/205,https://youtube.com/watch?v=sample205,,27,10,47,False,,1002,False,3,False,True,True,False,True,False,False
Figma Makeathon March 2026,entry_0206,https://contra.com/community/post/entry-0206,2026-02-25T00:00:00,25,18,Project 206,Creator 206,https://figma.site/sample-206,https://figma.com/community/file/206,https://youtube.com/watch?v=sample206,,54,13,80,False,,1097,False,0,False,False,False,False,False,False,False
Figma Makeathon March 2026,entry_0207,https://contra.com/community/post/entry-0207,2026-02-22T00:00:00,22,21,Project 207,Creator 207,https://figma.site/sample-207,,https://youtube.com/watch?v=sample207,,21,18,57,False,,0,False,1,False,True,False,False,False,False,False
Config Makeathon 2026,entry_0208,https://contra.com/community/post/entry-0208,2026-06-05T00:00:00,2,12,Pucker,Sam Okafor,https://figma.site/sample-208,https://figma.com/community/file/208,https://youtube.com/watch?v=sample208,,722,150,1022,True,Most Innovative,2865,False,1,False,True,False,False,False,True,True
Config Makeathon 2026,entry_0209,https://contra.com/community/post/entry-0209,2026-06-04T00:00:00,1,13,Project 209,Creator 209,https://figma.site/sample-209,,https://youtube.com/watch?v=sample209,,229,87,403,False,,406,False,2,True,False,False,False,True,False,False
Config Makeathon 2026,entry_0210,https://contra.com/community/post/entry-0210,2026-06-17T00:00:00,14,0,Project 210,Creator 210,https://figma.site/sample-210,https://figma.com/community/file/210,https://youtube.com/watch?v=sample210,,0,7,14,False,,506,False,0,False,False,False,False,False,False,False
Config Makeathon 2026,entry_0211,https://contra.com/community/post/entry-0211,2026-06-07T00:00:00,4,10,Project 211,Creator 211,,https://figma.com/community/file/211,,,101,16,133,False,,677,False,1,False,False,True,False,False,False,False
Config Makeathon 2026,entry_0212,https://contra.com/community/post/entry-0212,2026-06-16T00:00:00,13,1,Project 212,Creator 212,https://figma.site/sample-212,,,,19,4,27,False,,870,False,0,False,False,False,False,False,False,False
Config Makeathon 2026,entry_0213,https://contra.com/community/post/entry-0213,2026-06-17T00:00:00,14,0,Project 213,Creator 213,,,,,17,1,19,False,,31,False,1,True,False,False,False,False,False,False
Config Makeathon 2026,entry_0214,https://contra.com/community/post/entry-0214,2026-06-09T00:00:00,6,8,Project 214,Creator 214,,https://figma.com/community/file/214,,,149,8,165,False,,365,False,1,False,False,False,True,False,False,False
Config Makeathon 2026,entry_0215,https://contra.com/community/post/entry-0215,2026-06-11T00:00:00,8,6,Project 215,Creator 215,,,,,49,14,77,False,,102,False,2,True,False,True,False,False,False,False
Config Makeathon 2026,entry_0216,https://contra.com/community/post/entry-0216,2026-06-15T00:00:00,12,2,Project 216,Creator 216,https://figma.site/sample-216,,,,22,4,30,False,,121,False,1,True,False,False,False,False,False,False
Config Makeathon 2026,entry_0217,https://contra.com/community/post/entry-0217,2026-06-09T00:00:00,6,8,Project 217,Creator 217,https://figma.site/sample-217,,,,77,12,101,False,,703,False,2,False,False,True,True,False,False,False
Config Makeathon 2026,entry_0218,https://contra.com/community/post/entry-0218,2026-06-17T00:00:00,14,0,Project 218,Creator 218,,,,,21,0,21,False,,524,False,1,False,True,False,False,False,False,False
Config Makeathon 2026,entry_0219,https://contra.com/community/post/entry-0219,2026-06-11T00:00:00,8,6,Project 219,Creator 219,https://figma.site/sample-219,,,,58,14,86,False,,587,False,0,False,False,False,False,False,False,False
Config Makeathon 2026,entry_0220,https://contra.com/community/post/entry-0220,2026-06-07T00:00:00,4,10,Project 220,Creator 220,https://figma.site/sample-220,https://figma.com/community/file/220,,,84,0,84,False,,0,False,2,False,True,False,False,True,False,False
Config Makeathon 2026,entry_0221,https://contra.com/community/post/entry-0221,2026-06-09T00:00:00,6,8,Project 221,Creator 221,,https://figma.com/community/file/221,,,53,15,83,False,,265,False,2,False,True,False,True,False,False,False
Config Makeathon 2026,entry_0222,https://contra.com/community/post/entry-0222,2026-06-11T00:00:00,8,6,Project 222,Creator 222,https://figma.site/sample-222,https://figma.com/community/file/222,,,34,14,62,False,,511,False,0,False,False,False,False,False,False,False
Config Makeathon 2026,entry_0223,https://contra.com/community/post/entry-0223,2026-06-13T00:00:00,10,4,Project 223,Creator 223,https://figma.site/sample-223,https://figma.com/community/file/223,https://youtube.com/watch?v=sample223,,58,13,84,False,,423,False,1,True,False,False,False,False,False,False
Config Makeathon 2026,entry_0224,https://contra.com/community/post/entry-0224,2026-06-17T00:00:00,14,0,Project 224,Creator 224,https://figma.site/sample-224,https://figma.com/community/file/224,,,0,0,0,False,,671,False,0,False,False,False,False,False,False,False
Config Makeathon 2026,entry_0225,https://contra.com/community/post/entry-0225,2026-06-12T00:00:00,9,5,Project 225,Creator 225,,https://figma.com/community/file/225,,,11,6,23,False,,0,False,2,False,False,True,True,False,False,False
Config Makeathon 2026,entry_0226,https://contra.com/community/post/entry-0226,2026-06-07T00:00:00,4,10,Plan That Trip. Now,Kiel Cole,,https://figma.com/community/file/226,https://youtube.com/watch?v=sample226,,417,78,573,True,Most Innovative,3661,False,2,True,True,False,False,False,True,True
Config Makeathon 2026,entry_0227,https://contra.com/community/post/entry-0227,2026-06-12T00:00:00,9,5,Project 227,Creator 227,https://figma.site/sample-227,,https://youtube.com/watch?v=sample227,,50,8,66,False,,446,False,0,False,False,False,False,False,False,False
Config Makeathon 2026,entry_0228,https://contra.com/community/post/entry-0228,2026-06-10T00:00:00,7,7,Project 228,Creator 228,,,,,16,7,30,False,,0,False,2,True,True,False,False,False,False,False
Config Makeathon 2026,entry_0229,https://contra.com/community/post/entry-0229,2026-06-12T00:00:00,9,5,Project 229,Creator 229,https://figma.site/sample-229,,,,110,0,110,False,,801,False,1,False,False,False,True,False,False,False
Config Makeathon 2026,entry_0230,https://contra.com/community/post/entry-0230,2026-06-08T00:00:00,5,9,Project 230,Creator 230,https://figma.site/sample-230,,https://youtube.com/watch?v=sample230,,120,27,174,False,,0,False,2,False,True,False,True,False,False,False
Config Makeathon 2026,entry_0231,https://contra.com/community/post/entry-0231,2026-06-07T00:00:00,4,10,Project 231,Creator 231,https://figma.site/sample-231,https://figma.com/community/file/231,https://youtube.com/watch?v=sample231,,110,38,186,False,,574,False,0,False,False,False,False,False,False,False
Config Makeathon 2026,entry_0232,https://contra.com/community/post/entry-0232,2026-06-07T00:00:00,4,10,Project 232,Creator 232,https://figma.site/sample-232,,https://youtube.com/watch?v=sample232,,124,7,138,False,,592,False,0,False,False,False,False,False,False,False
Config Makeathon 2026,entry_0233,https://contra.com/community/post/entry-0233,2026-06-08T00:00:00,5,9,Project 233,Creator 233,https://figma.site/sample-233,https://figma.com/community/file/233,https://youtube.com/watch?v=sample233,,61,19,99,False,,87,False,1,False,False,False,True,False,False,False
Config Makeathon 2026,entry_0234,https://contra.com/community/post/entry-0234,2026-06-14T00:00:00,11,3,Project 234,Creator 234,https://figma.site/sample-234,,,,9,12,33,False,,644,False,1,False,False,True,False,False,False,False
Config Makeathon 2026,entry_0235,https://contra.com/community/post/entry-0235,2026-06-04T00:00:00,1,13,Project 235,Creator 235,,https://figma.com/community/file/235,,,154,111,376,False,,46,False,2,False,True,True,False,False,False,False
Config Makeathon 2026,entry_0236,https://contra.com/community/post/entry-0236,2026-06-17T00:00:00,14,0,Project 236,Creator 236,https://figma.site/sample-236,https://figma.com/community/file/236,,,13,5,23,False,,131,False,1,False,False,False,False,True,False,False
Config Makeathon 2026,entry_0237,https://contra.com/community/post/entry-0237,2026-06-06T00:00:00,3,11,Project 237,Creator 237,https://figma.site/sample-237,,https://youtube.com/watch?v=sample237,,126,2,130,False,,764,False,1,False,True,False,False,False,False,False
Config Makeathon 2026,entry_0238,https://contra.com/community/post/entry-0238,2026-06-13T00:00:00,10,4,Project 238,Creator 238,https://figma.site/sample-238,,,,46,16,78,False,,202,False,2,False,True,False,False,True,False,False
Config Makeathon 2026,entry_0239,https://contra.com/community/post/entry-0239,2026-06-04T00:00:00,1,13,Project 239,Creator 239,,https://figma.com/community/file/239,https://youtube.com/watch?v=sample239,,167,57,281,False,,913,False,2,True,True,False,False,False,False,False
Config Makeathon 2026,entry_0240,https://contra.com/community/post/entry-0240,2026-06-10T00:00:00,7,7,Project 240,Creator 240,,,,,29,19,67,False,,279,False,1,True,False,False,False,False,False,False
Config Makeathon 2026,entry_0241,https://contra.com/community/post/entry-0241,2026-06-13T00:00:00,10,4,Project 241,Creator 241,https://figma.site/sample-241,,,,23,15,53,False,,331,False,0,False,False,False,False,False,False,False
Config Makeathon 2026,entry_0242,https://contra.com/community/post/entry-0242,2026-06-13T00:00:00,10,4,Project 242,Creator 242,https://figma.site/sample-242,,https://youtube.com/watch?v=sample242,,15,16,47,False,,405,False,1,False,False,False,False,True,False,False
Config Makeathon 2026,entry_0243,https://contra.com/community/post/entry-0243,2026-06-17T00:00:00,14,0,Project 243,Creator 243,,,https://youtube.com/watch?v=sample243,,8,1,10,False,,969,False,0,False,False,False,False,False,False,False
Config Makeathon 2026,entry_0244,https://contra.com/community/post/entry-0244,2026-06-15T00:00:00,12,2,Project 244,Creator 244,https://figma.site/sample-244,https://figma.com/community/file/244,,,33,9,51,False,,0,False,2,False,False,True,True,False,False,False
Config Makeathon 2026,entry_0245,https://contra.com/community/post/entry-0245,2026-06-09T00:00:00,6,8,Project 245,Creator 245,https://figma.site/sample-245,https://figma.com/community/file/245,https://youtube.com/watch?v=sample245,,105,16,137,False,,948,False,1,True,False,False,False,False,False,False
Config Makeathon 2026,entry_0246,https://contra.com/community/post/entry-0246,2026-06-14T00:00:00,11,3,Project 246,Creator 246,,,https://youtube.com/watch?v=sample246,,31,3,37,False,,435,False,1,False,True,False,False,False,False,False
Config Makeathon 2026,entry_0247,https://contra.com/community/post/entry-0247,2026-06-17T00:00:00,14,0,Project 247,Creator 247,https://figma.site/sample-247,,,,27,7,41,False,,187,False,0,False,False,False,False,False,False,False
Config Makeathon 2026,entry_0248,https://contra.com/community/post/entry-0248,2026-06-16T00:00:00,13,1,Project 248,Creator 248,,https://figma.com/community/file/248,https://youtube.com/watch?v=sample248,,36,8,52,False,,330,False,1,False,False,True,False,False,False,False
Config Makeathon 2026,entry_0249,https://contra.com/community/post/entry-0249,2026-06-16T00:00:00,13,1,Project 249,Creator 249,,,,,25,2,29,False,,365,False,2,True,True,False,False,False,False,False
Config Makeathon 2026,entry_0250,https://contra.com/community/post/entry-0250,2026-06-05T00:00:00,2,12,Project 250,Creator 250,,https://figma.com/community/file/250,https://youtube.com/watch?v=sample250,,0,51,102,False,,311,False,1,False,True,False,False,False,False,False
Config Makeathon 2026,entry_0251,https://contra.com/community/post/entry-0251,2026-06-14T00:00:00,11,3,Project 251,Creator 251,https://figma.site/sample-251,,https://youtube.com/watch?v=sample251,,25,11,47,False,,809,False,1,True,False,False,False,False,True,False
Config Makeathon 2026,entry_0252,https://contra.com/community/post/entry-0252,2026-06-14T00:00:00,11,3,Project 252,Creator 252,https://figma.site/sample-252,,,,8,9,26,False,,300,False,1,False,False,True,False,False,False,False
Config Makeathon 2026,entry_0253,https://contra.com/community/post/entry-0253,2026-06-12T00:00:00,9,5,Project 253,Creator 253,,,,,59,11,81,False,,360,False,1,False,False,True,False,False,False,False
Config Makeathon 2026,entry_0254,https://contra.com/community/post/entry-0254,2026-06-11T00:00:00,8,6,Project 254,Creator 254,https://figma.site/sample-254,,,,27,4,35,False,,270,False,2,False,True,True,False,False,False,False
Config Makeathon 2026,entry_0255,https://contra.com/community/post/entry-0255,2026-06-09T00:00:00,6,8,Project 255,Creator 255,https://figma.site/sample-255,,https://youtube.com/watch?v=sample255,,141,20,181,False,,325,False,3,True,True,True,False,False,False,False
Config Makeathon 2026,entry_0256,https://contra.com/community/post/entry-0256,2026-06-09T00:00:00,6,8,Airwwave,Johannes Specht,https://figma.site/sample-256,https://figma.com/community/file/256,https://youtube.com/watch?v=sample256,,310,0,310,True,Best Overall,0,False,3,True,True,True,False,False,False,True
Config Makeathon 2026,entry_0257,https://contra.com/community/post/entry-0257,2026-06-08T00:00:00,5,9,Web Poetry,Lee Black,https://figma.site/sample-257,https://figma.com/community/file/257,https://youtube.com/watch?v=sample257,,410,89,588,True,Best Overall,3101,False,2,True,True,False,False,False,False,True
Config Makeathon 2026,entry_0258,https://contra.com/community/post/entry-0258,2026-06-12T00:00:00,9,5,Project 258,Creator 258,,https://figma.com/community/file/258,https://youtube.com/watch?v=sample258,,57,5,67,False,,374,False,0,False,False,False,False,False,False,False
Config Makeathon 2026,entry_0259,https://contra.com/community/post/entry-0259,2026-06-07T00:00:00,4,10,Project 259,Creator 259,https://figma.site/sample-259,,,,200,77,354,False,,0,False,0,False,False,False,False,False,False,False
Config Makeathon 2026,entry_0260,https://contra.com/community/post/entry-0260,2026-06-16T00:00:00,13,1,Project 260,Creator 260,https://figma.site/sample-260,,,,6,10,26,False,,232,False,0,False,False,False,False,False,False,False
Config Makeathon 2026,entry_0261,https://contra.com/community/post/entry-0261,2026-06-04T00:00:00,1,13,Project 261,Creator 261,https://figma.site/sample-261,,,,144,0,144,False,,291,False,2,False,True,False,True,False,False,False
Config Makeathon 2026,entry_0262,https://contra.com/community/post/entry-0262,2026-06-06T00:00:00,3,11,Project 262,Creator 262,https://figma.site/sample-262,,https://youtube.com/watch?v=sample262,,35,0,35,False,,722,False,2,True,True,False,False,False,False,False
Config Makeathon 2026,entry_0263,https://contra.com/community/post/entry-0263,2026-06-17T00:00:00,14,0,Project 263,Creator 263,https://figma.site/sample-263,,,,18,6,30,False,,198,False,0,False,False,False,False,False,False,False
Config Makeathon 2026,entry_0264,https://contra.com/community/post/entry-0264,2026-06-05T00:00:00,2,12,Project 264,Creator 264,,,https://youtube.com/watch?v=sample264,,140,36,212,False,,385,False,2,False,True,True,False,False,False,False
Config Makeathon 2026,entry_0265,https://contra.com/community/post/entry-0265,2026-06-10T00:00:00,7,7,Project 265,Creator 265,,https://figma.com/community/file/265,,,40,5,50,False,,502,False,2,False,False,True,True,False,False,False
Config Makeathon 2026,entry_0266,https://contra.com/community/post/entry-0266,2026-06-12T00:00:00,9,5,Project 266,Creator 266,,https://figma.com/community/file/266,https://youtube.com/watch?v=sample266,,34,15,64,False,,862,False,1,False,False,False,True,False,False,False
Config Makeathon 2026,entry_0267,https://contra.com/community/post/entry-0267,2026-06-16T00:00:00,13,1,Project 267,Creator 267,,,,,6,1,8,False,,609,False,1,False,True,False,False,False,False,False
Config Makeathon 2026,entry_0268,https://contra.com/community/post/entry-0268,2026-06-17T00:00:00,14,0,Project 268,Creator 268,https://figma.site/sample-268,,https://youtube.com/watch?v=sample268,,21,0,21,False,,1104,False,1,True,False,False,False,False,False,False
Config Makeathon 2026,entry_0269,https://contra.com/community/post/entry-0269,2026-06-11T00:00:00,8,6,Project 269,Creator 269,,,,,0,0,0,False,,540,False,0,False,False,False,False,False,False,False
Config Makeathon 2026,entry_0270,https://contra.com/community/post/entry-0270,2026-06-17T00:00:00,14,0,Project 270,Creator 270,,,,,33,0,33,False,,0,False,1,False,True,False,False,False,False,False
Config Makeathon 2026,entry_0271,https://contra.com/community/post/entry-0271,2026-06-12T00:00:00,9,5,Project 271,Creator 271,,,,,42,6,54,False,,451,False,0,False,False,False,False,False,False,False
Config Makeathon 2026,entry_0272,https://contra.com/community/post/entry-0272,2026-06-17T00:00:00,14,0,Project 272,Creator 272,,,,,0,6,12,False,,120,False,0,False,False,False,False,False,False,False
Config Makeathon 2026,entry_0273,https://contra.com/community/post/entry-0273,2026-06-06T00:00:00,3,11,Plan That Trip. Now,Johannes Specht,https://figma.site/sample-273,,https://youtube.com/watch?v=sample273,,649,62,773,True,Excellence in Craft,4239,False,4,True,True,True,True,False,True,True
Config Makeathon 2026,entry_0274,https://contra.com/community/post/entry-0274,2026-06-17T00:00:00,14,0,Project 274,Creator 274,https://figma.site/sample-274,https://figma.com/community/file/274,https://youtube.com/watch?v=sample274,,33,9,51,False,,550,False,0,False,False,False,False,False,True,False
Config Makeathon 2026,entry_0275,https://contra.com/community/post/entry-0275,2026-06-09T00:00:00,6,8,Project 275,Creator 275,https://figma.site/sample-275,,,,83,18,119,False,,688,False,1,False,False,True,False,False,False,False
Config Makeathon 2026,entry_0276,https://contra.com/community/post/entry-0276,2026-06-13T00:00:00,10,4,Project 276,Creator 276,https://figma.site/sample-276,https://figma.com/community/file/276,,,65,5,75,False,,774,False,0,False,False,False,False,False,False,True
Config Makeathon 2026,entry_0277,https://contra.com/community/post/entry-0277,2026-06-08T00:00:00,5,9,Project 277,Creator 277,https://figma.site/sample-277,,,,125,21,167,False,,669,False,2,True,False,True,False,False,False,False
Config Makeathon 2026,entry_0278,https://contra.com/community/post/entry-0278,2026-06-08T00:00:00,5,9,Project 278,Creator 278,,,,,135,25,185,False,,0,False,1,False,False,True,False,False,False,False
Config Makeathon 2026,entry_0279,https://contra.com/community/post/entry-0279,2026-06-07T00:00:00,4,10,Project 279,Creator 279,https://figma.site/sample-279,,https://youtube.com/watch?v=sample279,,27,11,49,False,,343,False,0,False,False,False,False,False,False,False
Config Makeathon 2026,entry_0280,https://contra.com/community/post/entry-0280,2026-06-08T00:00:00,5,9,Project 280,Creator 280,https://figma.site/sample-280,,https://youtube.com/watch?v=sample280,,110,23,156,False,,765,False,2,True,False,False,False,True,False,False
Config Makeathon 2026,entry_0281,https://contra.com/community/post/entry-0281,2026-06-16T00:00:00,13,1,Project 281,Creator 281,https://figma.site/sample-281,https://figma.com/community/file/281,https://youtube.com/watch?v=sample281,,6,5,16,False,,488,False,1,False,False,True,False,False,False,False
Config Makeathon 2026,entry_0282,https://contra.com/community/post/entry-0282,2026-06-08T00:00:00,5,9,Project 282,Creator 282,https://figma.site/sample-282,https://figma.com/community/file/282,https://youtube.com/watch?v=sample282,,86,7,100,False,,207,False,2,False,True,False,True,False,False,False
Config Makeathon 2026,entry_0283,https://contra.com/community/post/entry-0283,2026-06-15T00:00:00,12,2,Project 283,Creator 283,,,,,18,0,18,False,,139,False,0,False,False,False,False,False,False,False
Config Makeathon 2026,entry_0284,https://contra.com/community/post/entry-0284,2026-06-11T00:00:00,8,6,Project 284,Creator 284,https://figma.site/sample-284,,,,48,13,74,False,,341,False,3,True,True,False,False,True,False,False
Config Makeathon 2026,entry_0285,https://contra.com/community/post/entry-0285,2026-06-17T00:00:00,14,0,Project 285,Creator 285,https://figma.site/sample-285,,,,6,0,6,False,,614,False,2,True,False,True,False,False,False,False
Config Makeathon 2026,entry_0286,https://contra.com/community/post/entry-0286,2026-06-09T00:00:00,6,8,Project 286,Creator 286,https://figma.site/sample-286,,,,97,20,137,False,,1009,False,0,False,False,False,False,False,False,False
Config Makeathon 2026,entry_0287,https://contra.com/community/post/entry-0287,2026-06-15T00:00:00,12,2,Project 287,Creator 287,https://figma.site/sample-287,,,,21,4,29,False,,445,False,3,True,False,True,True,False,True,False
Config Makeathon 2026,entry_0288,https://contra.com/community/post/entry-0288,2026-06-04T00:00:00,1,13,Project 288,Creator 288,https://figma.site/sample-288,https://figma.com/community/file/288,,,349,43,435,False,,801,False,2,True,False,False,True,False,True,False
Config Makeathon 2026,entry_0289,https://contra.com/community/post/entry-0289,2026-06-12T00:00:00,9,5,Project 289,Creator 289,https://figma.site/sample-289,,https://youtube.com/watch?v=sample289,,71,5,81,False,,11,False,3,True,True,False,True,False,False,False
Config Makeathon 2026,entry_0290,https://contra.com/community/post/entry-0290,2026-06-07T00:00:00,4,10,Project 290,Creator 290,https://figma.site/sample-290,https://figma.com/community/file/290,,,102,46,194,False,,394,False,1,False,True,False,False,False,False,False
Config Makeathon 2026,entry_0291,https://contra.com/community/post/entry-0291,2026-06-14T00:00:00,11,3,Project 291,Creator 291,https://figma.site/sample-291,,https://youtube.com/watch?v=sample291,,18,4,26,False,,459,False,1,False,False,False,True,False,False,False
Config Makeathon 2026,entry_0292,https://contra.com/community/post/entry-0292,2026-06-16T00:00:00,13,1,Project 292,Creator 292,https://figma.site/sample-292,https://figma.com/community/file/292,https://youtube.com/watch?v=sample292,,16,5,26,False,,899,False,0,False,False,False,False,False,False,False
Config Makeathon 2026,entry_0293,https://contra.com/community/post/entry-0293,2026-06-08T00:00:00,5,9,Pucker,Aleyna Çatak,https://figma.site/sample-293,https://figma.com/community/file/293,,,395,31,457,True,Best Overall,3519,False,4,True,True,True,True,False,True,True
Config Makeathon 2026,entry_0294,https://contra.com/community/post/entry-0294,2026-06-11T00:00:00,8,6,Project 294,Creator 294,,https://figma.com/community/file/294,,,4,1,6,False,,256,False,3,False,True,True,True,False,False,False
Config Makeathon 2026,entry_0295,https://contra.com/community/post/entry-0295,2026-06-17T00:00:00,14,0,Project 295,Creator 295,,,https://youtube.com/watch?v=sample295,,25,5,35,False,,443,False,1,False,True,False,False,False,False,False
Config Makeathon 2026,entry_0296,https://contra.com/community/post/entry-0296,2026-06-04T00:00:00,1,13,Project 296,Creator 296,,,,,243,81,405,False,,0,False,1,False,True,False,False,False,False,False
Config Makeathon 2026,entry_0297,https://contra.com/community/post/entry-0297,2026-06-16T00:00:00,13,1,Project 297,Creator 297,https://figma.site/sample-297,,https://youtube.com/watch?v=sample297,,13,6,25,False,,202,False,3,True,True,True,False,False,False,False
Config Makeathon 2026,entry_0298,https://contra.com/community/post/entry-0298,2026-06-06T00:00:00,3,11,Package Customizer,Paige Latimer,https://figma.site/sample-298,,https://youtube.com/watch?v=sample298,,621,91,803,True,Best Overall,3019,False,5,True,True,True,True,True,True,True
Config Makeathon 2026,entry_0299,https://contra.com/community/post/entry-0299,2026-06-16T00:00:00,13,1,Project 299,Creator 299,https://figma.site/sample-299,,https://youtube.com/watch?v=sample299,,13,2,17,False,,732,False,3,True,True,False,True,False,False,False
Config Makeathon 2026,entry_0300,https://contra.com/community/post/entry-0300,2026-06-10T00:00:00,7,7,Pucker,Nina Petrov,https://figma.site/sample-300,https://figma.com/community/file/300,https://youtube.com/watch?v=sample300,,262,9,280,True,Best Overall,3378,False,4,True,True,True,False,True,True,True
Config Makeathon 2026,entry_0301,https://contra.com/community/post/entry-0301,2026-06-14T00:00:00,11,3,Project 301,Creator 301,https://figma.site/sample-301,,,,0,2,4,False,,745,False,2,False,False,False,True,True,False,False
Config Makeathon 2026,entry_0302,https://contra.com/community/post/entry-0302,2026-06-06T00:00:00,3,11,Project 302,Creator 302,https://figma.site/sample-302,,,,318,18,354,False,,616,False,0,False,False,False,False,False,False,False
Config Makeathon 2026,entry_0303,https://contra.com/community/post/entry-0303,2026-06-16T00:00:00,13,1,Project 303,Creator 303,,,https://youtube.com/watch?v=sample303,,23,6,35,False,,359,False,0,False,False,False,False,False,False,False
Config Makeathon 2026,entry_0304,https://contra.com/community/post/entry-0304,2026-06-14T00:00:00,11,3,Project 304,Creator 304,https://figma.site/sample-304,https://figma.com/community/file/304,https://youtube.com/watch?v=sample304,,9,0,9,False,,0,False,0,False,False,False,False,False,False,False
Config Makeathon 2026,entry_0305,https://contra.com/community/post/entry-0305,2026-06-10T00:00:00,7,7,Project 305,Creator 305,https://figma.site/sample-305,,https://youtube.com/watch?v=sample305,,72,5,82,False,,527,False,1,False,False,False,False,True,False,False
Config Makeathon 2026,entry_0306,https://contra.com/community/post/entry-0306,2026-06-16T00:00:00,13,1,Project 306,Creator 306,https://figma.site/sample-306,https://figma.com/community/file/306,https://youtube.com/watch?v=sample306,,19,4,27,False,,163,False,1,False,False,False,False,True,False,False
Config Makeathon 2026,entry_0307,https://contra.com/community/post/entry-0307,2026-06-06T00:00:00,3,11,Project 307,Creator 307,,https://figma.com/community/file/307,,,135,14,163,False,,1054,False,2,False,False,False,True,True,False,False
Config Makeathon 2026,entry_0308,https://contra.com/community/post/entry-0308,2026-06-14T00:00:00,11,3,Project 308,Creator 308,,,https://youtube.com/watch?v=sample308,,0,1,2,False,,168,False,0,False,False,False,False,False,False,False
Config Makeathon 2026,entry_0309,https://contra.com/community/post/entry-0309,2026-06-06T00:00:00,3,11,Project 309,Creator 309,,,https://youtube.com/watch?v=sample309,,114,14,142,False,,597,False,2,True,True,False,False,False,False,False
Config Makeathon 2026,entry_0310,https://contra.com/community/post/entry-0310,2026-06-14T00:00:00,11,3,Project 310,Creator 310,https://figma.site/sample-310,,,,33,10,53,False,,352,False,1,True,False,False,False,False,False,False
Config Makeathon 2026,entry_0311,https://contra.com/community/post/entry-0311,2026-06-17T00:00:00,14,0,Project 311,Creator 311,,,,,22,3,28,False,,67,False,1,False,False,True,False,False,False,False
Config Makeathon 2026,entry_0312,https://contra.com/community/post/entry-0312,2026-06-11T00:00:00,8,6,Project 312,Creator 312,,,,,57,14,85,False,,1046,False,1,False,True,False,False,False,False,False
Config Makeathon 2026,entry_0313,https://contra.com/community/post/entry-0313,2026-06-17T00:00:00,14,0,Project 313,Creator 313,https://figma.site/sample-313,https://figma.com/community/file/313,,,11,5,21,False,,827,False,1,True,False,False,False,False,False,False
Config Makeathon 2026,entry_0314,https://contra.com/community/post/entry-0314,2026-06-17T00:00:00,14,0,Project 314,Creator 314,,https://figma.com/community/file/314,,,3,3,9,False,,149,False,0,False,False,False,False,False,False,False
Config Makeathon 2026,entry_0315,https://contra.com/community/post/entry-0315,2026-06-05T00:00:00,2,12,Project 315,Creator 315,https://figma.site/sample-315,,,,227,34,295,False,,439,False,0,False,False,False,False,False,False,False
Config Makeathon 2026,entry_0316,https://contra.com/community/post/entry-0316,2026-06-07T00:00:00,4,10,Project 316,Creator 316,https://figma.site/sample-316,https://figma.com/community/file/316,https://youtube.com/watch?v=sample316,,85,12,109,False,,391,False,0,False,False,False,False,False,False,False
Config Makeathon 2026,entry_0317,https://contra.com/community/post/entry-0317,2026-06-13T00:00:00,10,4,Project 317,Creator 317,,https://figma.com/community/file/317,https://youtube.com/watch?v=sample317,,68,13,94,False,,406,False,0,False,False,False,False,False,True,False
Config Makeathon 2026,entry_0318,https://contra.com/community/post/entry-0318,2026-06-07T00:00:00,4,10,Project 318,Creator 318,https://figma.site/sample-318,,https://youtube.com/watch?v=sample318,,167,13,193,False,,1016,False,1,True,False,False,False,False,False,False
